AnimalID,Sex,Encounter,All,Social_cluster,Haplotype
18945,F,39,All,1,2
23318,F,41,All,1,2
23320,F,41,All,1,2
23321,F,41,All,1,1
71017,F,26,All,1,2
75662,F,27,All,1,2
75665,F,27,All,1,1
75666,F,27,All,1,2
75676,F,28,All,1,1
75677,F,28,All,1,2
75678,F,28,All,1,1
75679,F,28,All,1,1
92254,F,48,All,1,1
98732,F,31,All,1,2
98736,F,32,All,1,2
98737,F,32,All,1,2
98740,F,32,All,1,1
132661,F,35,All,1,1
30072,F,20,All,2,1
30081,F,20,All,2,1
49043,F,24,All,2,1
49046,F,24,All,2,2
49051,F,24,All,2,2
49054,F,24,All,2,1
98743,F,33,All,2,1
132631,F,34,All,2,1
132632,F,34,All,2,1
132633,F,34,All,2,2
132634,F,34,All,2,2
132635,F,34,All,2,1
132638,F,34,All,2,2
132640,F,34,All,2,2
132642,F,34,All,2,1
27453,F,44,All,3,1
33885,F,45,All,3,1
33887,F,45,All,3,1
33888,F,45,All,3,1
33890,F,45,All,3,1
33892,F,45,All,3,1
33895,F,45,All,3,1
33899,F,45,All,3,1
33902,F,45,All,3,1
33903,F,45,All,3,1
45928,F,22,All,3,1
91274,F,52,All,3,1
123188,F,42,All,3,1
91276,F,52,All,4,1
91277,F,52,All,4,1
18955,F,40,All,5,1
91082,F,30,All,5,1
91085,F,30,All,5,1
91086,F,30,All,5,1
91081,F,30,All,8,1
22,F,43,All,Unknown,1
18938,F,38,All,Unknown,1
27454,F,44,All,Unknown,1
30079,F,20,All,Unknown,1
30080,F,20,All,Unknown,1
49044,F,24,All,Unknown,1
49053,F,24,All,Unknown,2
18946,M,39,All,1,1
23316,M,41,All,1,1
23317,M,41,All,1,1
23319,M,41,All,1,1
41286,M,21,All,1,1
71016,M,26,All,1,2
75660,M,27,All,1,1
75661,M,27,All,1,1
75663,M,27,All,1,2
91285,M,29,All,1,2
92256,M,49,All,1,1
98734,M,32,All,1,1
98735,M,32,All,1,1
98738,M,32,All,1,2
102500,M,51,All,1,1
132660,M,35,All,1,2
30073,M,20,All,2,1
45925,M,23,All,2,2
49048,M,24,All,2,1
49050,M,24,All,2,1
49052,M,24,All,2,5
98744,M,33,All,2,1
98745,M,33,All,2,2
98746,M,33,All,2,2
132636,M,34,All,2,2
132641,M,34,All,2,1
33886,M,45,All,3,1
33898,M,45,All,3,1
33904,M,45,All,3,1
33905,M,45,All,3,1
33906,M,45,All,3,1
33907,M,45,All,3,1
33908,M,45,All,3,1
33909,M,45,All,3,1
45932,M,22,All,3,1
102483,M,50,All,3,1
102485,M,50,All,3,1
91275,M,52,All,4,1
91278,M,52,All,4,1
18954,M,40,All,5,1
91083,M,30,All,5,1
91084,M,30,All,5,1
91284,M,29,All,5,1
30077,M,20,All,Unknown,1
30078,M,20,All,Unknown,2
33891,M,45,All,Unknown,1
49049,M,24,All,Unknown,1